{
  "test/integration/pages/RisksList.js": 1705465691793,
  "i18n/i18n.properties": 1705465739368,
  "test/integration/pages/RisksObjectPage.js": 1705465691793,
  "test/integration/opaTests.qunit.js": 1705465691785,
  "test/integration/FirstJourney.js": 1705465691801,
  "test/testsuite.qunit.js": 1705465691765,
  "xs-app.json": 1705469468230,
  "manifest.json": 1705469468378,
  "Component.js": 1705465691689,
  "test/testsuite.qunit-dbg.js": 1705465691765,
  "test/testsuite.qunit.js.map": 1705469485075,
  "test/integration/pages/RisksObjectPage-dbg.js": 1705465691793,
  "test/integration/pages/RisksObjectPage.js.map": 1705469485064,
  "test/integration/opaTests.qunit-dbg.js": 1705465691785,
  "test/integration/opaTests.qunit.js.map": 1705469485060,
  "test/integration/FirstJourney-dbg.js": 1705465691801,
  "test/integration/FirstJourney.js.map": 1705469485067,
  "test/integration/pages/RisksList-dbg.js": 1705465691793,
  "test/integration/pages/RisksList.js.map": 1705469485063,
  "Component-dbg.js": 1705465691689,
  "Component.js.map": 1705469485065,
  "Component-preload.js": 1705469485201,
  "Component-preload.js.map": 1705469485201,
  "test/integration/opaTests.qunit.html": 1705465691785,
  "test/testsuite.qunit.html": 1705465691733,
  "test/flpSandbox.html": 1705465691733,
  "localService/metadata.xml": 1705465691709,
  "index.html": 1705465691689
}